10 yards press,10 ياردة كباسة,
12 yards,12 ياردة,
2 yards,2 ياردة,
2 yards press,2 ياردة كباسة,
20 yards,20 ياردة,
20 yards press,20 ياردة كباسة,
240 Litre,240 لتر,
4 yards,4 ياردة,
6 yards,6 ياردة,
Abampere,أبأمبير,
About Naqel,عن حاوية,
Acre,فدان,
Acre (US),فدان (أمريكي),
Action if the requested container types do not match with the containers designated for this service type,الإجراء إذا لم تتطابق أنواع الحاويات المطلوبة مع الحاويات المخصصة لهذا النوع من الخدمة,
Added,تم الإضافة,
Adjusted Result,النتيجة المعدلة,
"Agricultural chemicals, pesticides, herbicides, and fertilizer waste",مواد كيميائية زراعية ومبيدات حشرية وعشبية ونفايات أسمدة,
Agricultural Waste,نفايات زراعية,
All calculations are on DAILY basis,جميع الحسابات على أساس يومي,
All calculations are based on approved standards and classifications,جميع الحسابات تستند إلى معايير وتصنيفات معتمدة,
All Categories,جميع الفئات,
"All estimates are calculated based on daily waste generation rate. Actual volumes may vary depending on operational patterns, seasonal factors, and facility-specific conditions.",جميع التقديرات محسوبة بناءً على معدل توليد النفايات اليومي. قد تختلف الأحجام الفعلية حسب أنماط التشغيل والعوامل الموسمية والظروف الخاصة بالمنشأة.,
"All projections are calculated based on the daily waste generation rate. Actual volumes may vary depending on operational patterns, seasonal factors, and facility-specific conditions.",جميع التوقعات محسوبة بناءً على معدل توليد النفايات اليومي. قد تختلف الأحجام الفعلية حسب أنماط التشغيل والعوامل الموسمية والظروف الخاصة بالمنشأة.,
All Waste Types,جميع أنواع النفايات,
Allow contracting for containers leased by other customers,السماح بالتعاقد على الحاويات المؤجرة من قبل عملاء آخرين,
Aluminum,ألومنيوم,
"Aluminum cans, foil, siding, and aluminum products",علب الألومنيوم والرقائق والأجزاء الجانبية ومنتجات الألومنيوم,
Ampere,أمبير,
Ampere-Hour,أمبير-ساعة,
Ampere-Minute,أمبير-دقيقة,
Ampere-Second,أمبير-ثانية,
Annual Generation,التوليد السنوي,
Applicable Units of Measurement used to evaluate facilities,وحدات القياس المعمول بها لتقييم المنشآت,
Applied Safety Factors,عوامل الأمان المطبقة,
Apply Facility Rating,تطبيق تصنيف المنشأة,
Are,آر,
Area,مساحة,
Area Unit,وحدة المساحة,
Arshin,أرشين,
Asbestos,أسبستوس,
Asbestos-containing materials requiring specialized disposal,مواد تحتوي على الأسبستوس تتطلب تخلصاً متخصصاً,
Ash and Dust,رماد وغبار,
"Ash from incineration, dust, and fine particulate waste",رماد من الحرق وغبار ونفايات جسيمات دقيقة,
Asphalt and Paving Materials,أسفلت ومواد رصف,
Asphalt and Paving Materials,أسفلت ومواد رصف,
"Asphalt pavement, road debris, and paving materials",رصيف أسفلت وحطام الطرق ومواد الرصف,
Atmosphere,ضغط جوي,
Bar,بار,
Barleycorn,باركورن,
Barrel (Oil),برميل (نفط),
Barrel(Beer),برميل (بيرة),
Base Calculation,الحساب الأساسي,
Base Facility Waste,النفايات الأساسية للمنشأة,
Calculation,الحساب,
Base Waste,النفايات الأساسية,
Batteries,بطاريات,
Beverage Containers,حاويات مشروبات,
Biodegradable waste materials that can decompose naturally through biological processes,مواد نفايات قابلة للتحلل يمكن أن تتحلل بشكل طبيعي من خلال العمليات البيولوجية,
Biot,بيو,
Box,صندوق,
Bread Waste,نفايات بقايا الخبز,
Bricks and Tiles,طوب وبلاط,
"Broken bricks, ceramic tiles, roof tiles, and similar materials",طوب مكسور وبلاط سيراميك وبلاط سقف ومواد مماثلة,
"Broken ceramic items, pottery, and porcelain materials",أدوات سيراميك مكسورة وفخار ومواد خزفية,
Broken Ceramics and Pottery,سيراميك وفخار مكسور,
Brown Glass,زجاج بني,
Brown or amber-colored glass bottles and containers,زجاجات وحاويات زجاجية بنية أو عنبرية اللون,
Btu (It),وحدة حرارية بريطانية (دولية),
Btu (Mean),وحدة حرارية بريطانية (متوسطة),
Btu (Th),وحدة حرارية بريطانية (حرارية),
Btu/Hour,وحدة حرارية بريطانية/ساعة,
Btu/Minutes,وحدة حرارية بريطانية/دقيقة,
Btu/Seconds,وحدة حرارية بريطانية/ثانية,
Bushel (UK),بوشل (بريطاني),
Bushel (US Dry Level),بوشل (أمريكي جاف),
Caballeria,كاباليريا,
Cable Length,طول كابل,
Cable Length (UK),طول كابل (بريطاني),
Cable Length (US),طول كابل (أمريكي),
Calculate,احسب,
Calculate expected waste quantity for your facility based on activity type and specifications,احسب كمية النفايات المتوقعة لمنشأتك بناءً على نوع النشاط والمواصفات,
Calculate Waste,احسب النفايات,
Calculate Waste Amount,احسب كمية النفايات,
Calculating...,جاري الحساب...,
Calculation Basis,أساس الحساب,
Calculation Factor,عامل الحساب,
Calculation Method,طريقة الحساب,
Calculation Parameters,معاملات الحساب,
Calculation Results,نتائج الحساب,
Calibre,عيار,
Calorie (Food),سعرة حرارية (غذائية),
Calorie (It),سعرة حرارية (دولية),
Calorie (Mean),سعرة حرارية (متوسطة),
Calorie (Th),سعرة حرارية (حرارية),
Calorie/Seconds,سعرة حرارية/ثانية,
Carat,قيراط,
Cardboard,كرتون,
Category Classification,تصنيف الفئة,
Category Code,رمز الفئة,
Celsius,درجة مئوية,
Cental,سنتال,
Centiarea,سنتيآر,
Centigram/Litre,سنتيغرام/لتر,
Centilitre,سنتيلتر,
Centimeter,سنتيمتر,
Chain,سلسلة,
Check the proximity of the contracted container location,التحقق من قرب موقع الحاوية المتعاقد عليها,
Chemical Waste,نفايات كيميائية,
Choose a rating from 1 to 5 stars,اختر تصنيف من 1 إلى 5 نجوم,
Choose Calculation Basis,اختر أساس الحساب,
Classification,التصنيف,
Clean Paper,ورق نظيف
Clean paper and cardboard materials suitable for recycling,مواد ورق وكرتون نظيفة مناسبة لإعادة التدوير,
"Clean, reusable clothing, fabrics, and textile materials",ملابس وأقمشة ومواد نسيجية نظيفة قابلة لإعادة الاستخدام,
Clear,مسح,
Clear All Dropped Waste,مسح جميع النفايات المسقطة,
Clear Glass,زجاج شفاف
Click on a container to view its types,انقر على حاوية لعرض أنواعها,
Click on one of the containers in the middle,انقر على إحدى الحاويات في المنتصف,
"Click on one of the containers to view its dedicated waste types, then drag and drop waste from the panel on the right",انقر على إحدى الحاويات لعرض أنواع النفايات المخصصة لها، ثم اسحب وأفلت النفايات من اللوحة على اليمين,
Click to remove,انقر للإزالة,
Click to view waste,انقر لعرض النفايات,
Cluster Classification,تصنيف على أساس الشريحة,
Cluster Volume,حجم الكتلة,
Commercial Registration Number,رقم السجل التجاري,
Commercial Waste,نفايات تجارية,
Company,شركة,
Composite Materials,مواد مركبة
Comprehensive Analysis and Projections,تحليل وتوقعات شاملة,
"Computers, phones, appliances, electronic equipment, and electronic components",أجهزة كمبيوتر وهواتف وأجهزة ومعدات إلكترونية ومكونات إلكترونية,
Concrete and Masonry,خرسانة وبناء حجري,
"Concrete debris, concrete blocks, cement, and masonry materials",حطام خرسانة وكتل خرسانية وإسمنت ومواد بناء حجري,
Configuration Level,مستوى الإعدادات,
Configuration Summary,ملخص الإعدادات,
Construction and Demolition Waste,نفايات البناء والهدم,
Construction Wood,خشب بناء,
Contact Us,تواصل معنا,
Container Type,نوع الحاوية,
Contaminated or mixed materials that cannot be separated for recycling,مواد ملوثة أو مختلطة لا يمكن فصلها لإعادة التدوير,
Contaminated Paper,ورق ملوث
Contract Type,نوع التعاقد,
Copper and Brass,نحاس وبرونز,
"Copper wiring, pipes, brass fittings, and copper alloys",أسلاك نحاسية وأنابيب ووصلات برونزية وسبائك نحاسية,
"Corrugated boxes, packaging materials, and cardboard products",صناديق مموجة ومواد تغليف ومنتجات كرتونية,
"Cotton, wool, jute, and other natural fiber materials",قطن وصوف وجوت وألياف طبيعية أخرى
Coulomb,كولوم,
Count,العدد,
"Crop residues, animal manure, plant materials, and farming operation waste",بقايا محاصيل وسماد حيواني ومواد نباتية ونفايات عمليات الزراعة,
Cubic Centimeter,سنتيمتر مكعب,
Cubic Decimeter,ديسيمتر مكعب,
Cubic Foot,قدم مكعب,
Cubic Inch,بوصة مكعبة,
Cubic Meter,متر مكعب,
Cubic Millimeter,مليمتر مكعب,
Cubic Yard,ياردة مكعبة,
Cup,كوب,
Cycle/Second,دورة/ثانية,
Daily,يومي,
Daily Generation,التوليد اليومي,
Daily Waste Generation Rate,معدل توليد النفايات اليومي,
Daily × 30,يومي × 30,
Daily × 365,يومي × 365,
Daily × 7,يومي × 7,
Day,يوم,
Decigram/Litre,ديسيغرام/لتر,
Decilitre,ديسيلتر,
Decimeter,ديسيمتر,
Default Area Unit,وحدة المساحة الافتراضية,
Default Density Unit,وحدة الكثافة الافتراضية,
Default Length Unit,وحدة الطول الافتراضية,
Default Mass Unit,وحدة الكتلة الافتراضية,
Default Volume Unit,وحدة الحجم الافتراضية,
Dekagram/Litre,ديكاغرام/لتر,
Density,كثافة,
Density Unit,وحدة الكثافة,
Density:,كثافة:,
Designated Containers,الحاويات المخصصة,
Detailed Calculation Report,التقرير التفصيلي للحساب,
Determine the maximum diameter of the circular area that the container can cover.,حدد الحد الأقصى لقطر المنطقة الدائرية التي يمكن للحاوية تغطيتها.,
"Diapers, hygiene products, personal care items, and sanitary materials",حفاضات ومنتجات نظافة ومستلزمات العناية الشخصية ومواد صحية,
Disposal Points,نقاط التخلص,
Distance Unit,وحدة المسافة,
Distribution %,نسبة التوزيع %,
Distribution Percentage:,نسبة التوزيع:,
Division,قسم,
Doors and Windows,أبواب ونوافذ,
"Doors, window frames, glass panes, and associated hardware",أبواب وإطارات نوافذ وألواح زجاجية والأجزاء المرتبطة,
Drag and drop in the container,اسحب وأفلت في الحاوية,
Drag and drop waste types here,اسحب وأفلت أنواع النفايات هنا,
Drag waste from the right,اسحب النفايات من اليمين,
Dram,درام,
Dyne,داين,
Electronic Waste (E-Waste),نفايات إلكترونية,
Ells (UK),إيل (بريطاني),
Ems(Pica),إيمس (بيكا),
EMU Of Charge,وحدة كهرومغناطيسية للشحنة,
EMU of current,وحدة كهرومغناطيسية للتيار,
Erg,إرج,
Estimated Volume,الحجم المقدر,
Estimated Weight,الوزن المقدر,
Expected Waste Composition,تكوين النفايات المتوقع,
Facility Generated Waste,نفايات المنشأة,
Facility Measurement,قياس المنشأة,
Facility Rating,تصنيف المنشأة,
Facility Rating Safety Factor,عامل أمان تصنيف المنشأة,
Facility Specifications,مواصفات المنشأة,
Facility UOM,وحدة قياس المنشأة,
Facility-Specific Waste Selection,اختيار النفايات الخاص بالمنشأة,
Fahrenheit,فهرنهايت,
FAQs,الأسئلة الشائعة,
Faraday,فاراداي,
Fathom,قامة,
Ferrous Metals,معادن حديدية,
"Fiberglass insulation, foam board, and other insulation materials",عزل ألياف زجاجية وألواح رغوية ومواد عزل أخرى,
Fluid Ounce (UK),أونصة سائلة (بريطانية),
Fluid Ounce (US),أونصة سائلة (أمريكية),
"Fluorescent lamps, CFL bulbs, and mercury-containing lighting",مصابيح فلورسنت ومصابيح موفرة ومصابيح تحتوي على الزئبق,
Food Waste,نفايات الطعام,
Foot,قدم,
Foot Of Water,قدم من الماء,
Foot/Minute,قدم/دقيقة,
Foot/Second,قدم/ثانية,
For commercial contracts only,للعقود التجارية فقط,
Formula,المعادلة,
Found At,تم العثور عليه في,
Furlong,فرلنغ,
Gallon (UK),غالون (بريطاني),
Gallon Dry (US),غالون جاف (أمريكي),
Gallon Liquid (US),غالون سائل (أمريكي),
Gamma,غاما,
Garden Waste,نفايات الحدائق,
Gauss,غاوس,
Generation Rate,معدل التوليد,
Generation Rate Method,طريقة معدل التوليد,
Glass Waste,نفايات زجاجية,
Grain,حبة,
Grain/Cubic Foot,حبة/قدم مكعب,
Grain/Gallon (UK),حبة/غالون (بريطاني),
Grain/Gallon (US),حبة/غالون (أمريكي),
Gram,غرام,
Gram-Force,غرام-قوة,
Gram/Cubic Centimeter,غرام/سنتيمتر مكعب,
Gram/Cubic Meter,غرام/متر مكعب,
Gram/Cubic Millimeter,غرام/مليمتر مكعب,
Gram/Litre,غرام/لتر,
Grand Total Measurement,إجمالي القياس,
"Grass clippings, leaves, branches, prunings, and other yard maintenance waste",قصاصات العشب والأوراق والفروع والتقليمات ونفايات صيانة الساحات الأخرى,
"Greasy pizza boxes, soiled paper, and other contaminated paper products",صناديق بيتزا دهنية وورق متسخ ومنتجات ورقية ملوثة أخرى
Green Glass,زجاج أخضر,
Green-colored glass bottles and containers,زجاجات وحاويات زجاجية خضراء اللون,
Group,مجموعة,
Gypsum and Drywall,جبس وحوائط جافة,
"Gypsum board, plasterboard, drywall, and plaster materials",ألواح جبس وألواح جصية وحوائط جافة ومواد جص,
Hand,يد,
Naqel Platform,منصة حاوية,
Hazardous Industrial Waste,نفايات صناعية خطرة,
Hazardous Medical Waste,نفايات طبية خطرة,
Hazardous Wastes,نفايات خطرة,
HDPE Plastic (Type 2),بلاستيك HDPE (النوع 2),
Hectare,هكتار,
Hectogram/Litre,هكتوغرام/لتر,
Hectometer,هكتومتر,
Hectopascal,هكتوباسكال,
Hertz,هرتز,
"High-Density Polyethylene - milk jugs, detergent bottles, shampoo bottles",بولي إيثيلين عالي الكثافة - علب حليب وزجاجات منظفات وزجاجات شامبو,
Horsepower,حصان,
Horsepower-Hours,حصان-ساعة,
Hour,ساعة,
"Household batteries, rechargeable batteries, and battery cells",بطاريات منزلية وبطاريات قابلة للشحن وخلايا بطاريات,
Household Waste,نفايات منزلية,
How to use Naqel,كيفية استخدام حاوية,
Hundredweight (UK),هندريدويت (بريطاني),
Hundredweight (US),هندريدويت (أمريكي),
Iches Of Water,بوصات من الماء,
ID Code,رمز الهوية,
ID Number,رقم الهوية,
ID Type,نوع الهوية,
Ignore,تجاهل,
Important Information,معلومات مهمة,
Inch,بوصة,
Inch Pound-Force,بوصة باوند-قوة,
Inch/Minute,بوصة/دقيقة,
Inch/Second,بوصة/ثانية,
Inches Of Mercury,بوصات من الزئبق,
Include the container ID number in the contract,تضمين رقم هوية الحاوية في العقد,
Individual,فرد,
Individuals,أفراد,
Insulation Materials,مواد عزل,
Invalid Credential Dates,تواريخ الاعتماد غير صالحة,
Invalid Credential Type,نوع الاعتماد غير صالح,
Iqama,إقامة,
ISIC Classification,تصنيف ISIC,
ISIC Classification (International Standard Industrial Classification),التصنيف الصناعي الدولي (ISIC),
ISIC Classification Tree,شجرة تصنيف ISIC,
ISIC Code,رمز ISIC,
It must be a whole number,يجب أن يكون رقماً صحيحاً,
Joule,جول,
Joule/Meter,جول/متر,
Kelvin,كلفن,
Kg,كجم,
Kiloampere,كيلوأمبير,
Kilocalorie,كيلوسعرة حرارية,
Kilocoulomb,كيلوكولوم,
Kilogram-Force,كيلوغرام-قوة,
Kilogram/Cubic Centimeter,كيلوغرام/سنتيمتر مكعب,
Kilogram/Cubic Meter,كيلوغرام/متر مكعب,
Kilogram/Litre,كيلوغرام/لتر,
Kilohertz,كيلوهرتز,
Kilojoule,كيلوجول,
Kilometer,كيلومتر,
Kilometer/Hour,كيلومتر/ساعة,
Kilopascal,كيلوباسكال,
Kilopond,كيلوبوند,
Kilopound-Force,كيلوباوند-قوة,
Kilowatt,كيلووات,
Kilowatt-Hour,كيلووات-ساعة,
Kip,كيب,
"Kitchen scraps, leftover food, expired food products, and food preparation waste",بقايا المطبخ والطعام المتبقي والمنتجات الغذائية منتهية الصلاحية ونفايات تحضير الطعام,
Knot,عقدة,
LDPE Plastic (Type 4),بلاستيك LDPE (النوع 4),
Licensed Vehicles,مركبات مرخصة,
Light Bulbs and Fluorescent Tubes,مصابيح كهربائية وأنابيب فلورسنت,
Link,وصلة,
Litre,لتر,
Litre-Atmosphere,لتر-ضغط جوي,
"Low-Density Polyethylene - plastic bags, squeeze bottles, bread bags",بولي إيثيلين منخفض الكثافة - أكياس بلاستيكية وزجاجات قابلة للعصر وأكياس خبز,
"Lumber, timber, wooden beams, pallets, and untreated construction wood",ألواح خشبية وأخشاب وعوارض خشبية ومنصات وخشب بناء غير معالج,
Manzana,مانزانا,
Mass,الكتلة,
"Materials that can be collected, processed, and reused to create new products",مواد يمكن جمعها ومعالجتها وإعادة استخدامها لإنشاء منتجات جديدة,
Medical Waste,نفايات طبية,
Medio Metro,ميديو ميترو,
Megacoulomb,ميغاكولوم,
Megagram/Litre,ميغاغرام/لتر,
Megahertz,ميغاهرتز,
Megajoule,ميغاجول,
Megawatt,ميغاوات,
Mean,الوسط الحسابي,
Median,الوسيط,
Metal Scraps,قصاصات معدنية,
Metal Waste,نفايات معدنية,
Meter,متر,
Meter Of Water,متر من الماء,
Meter/Second,متر/ثانية,
Microbar,ميكروبار,
Microgram,ميكروغرام,
Microgram/Litre,ميكروغرام/لتر,
Micrometer,ميكرومتر,
Microsecond,ميكروثانية,
Mile,ميل,
Mile (Nautical),ميل بحري,
Mile/Hour,ميل/ساعة,
Mile/Minute,ميل/دقيقة,
Mile/Second,ميل/ثانية,
Milibar,ميليبار,
Milliampere,ميلي أمبير,
Millicoulomb,ميليكولوم,
Milligram,ميليغرام,
Milligram/Cubic Centimeter,ميليغرام/سنتيمتر مكعب,
Milligram/Cubic Meter,ميليغرام/متر مكعب,
Milligram/Cubic Millimeter,ميليغرام/مليمتر مكعب,
Milligram/Litre,ميليغرام/لتر,
Millihertz,ميليهرتز,
Millilitre,ميليلتر,
Millimeter,مليمتر,
Millimeter Of Mercury,مليمتر من الزئبق,
Millimeter Of Water,مليمتر من الماء,
Millisecond,ميلي ثانية,
Minute,دقيقة,
MISA License,رخصة وزارة الإستثمار,
Mixed C&D Waste,نفايات بناء وهدم مختلطة,
Mixed colored glass requiring sorting,زجاج مختلط الألوان يتطلب الفرز,
Mixed construction and demolition debris requiring sorting,حطام بناء وهدم مختلط يتطلب الفرز,
Mixed Glass,زجاج مختلط,
Mixed metallic waste requiring sorting and separation,نفايات معدنية مختلطة تتطلب الفرز والفصل,
Mixed Metals,معادن مختلطة,
Mixed plastics and other resins not fitting categories 1-6,بلاستيك مختلط وراتنجات أخرى لا تنتمي للفئات 1-6,
Mixed Waste,نفايات مختلطة,
MOMRAH License,رخصة وزارة الشؤون البلدية والقروية والإسكان,
Monthly Generation,التوليد الشهري,
"Multi-layer packaging, laminated materials, and bonded composites",تغليف متعدد الطبقات ومواد مغلفة ومركبات ملتصقة,
N/A,غير متاح,
Nanocoulomb,نانوكولوم,
Nanogram/Litre,نانوغرام/لتر,
Nanohertz,نانوهرتز,
Nanometer,نانومتر,
Nanosecond,نانوثانية,
Natural Textiles,منسوجات طبيعية,
"Needles, syringes, pharmaceuticals, infectious materials, and medical supplies",إبر وحقن وأدوية ومواد معدية ومستلزمات طبية,
Newton,نيوتن,
No waste available for this container,لا توجد نفايات متاحة لهذه الحاوية,
No waste selected,لا توجد نفايات محددة
Non-recyclable and non-compostable waste that cannot be recovered or reused,نفايات غير قابلة لإعادة التدوير أو التحويل إلى سماد ولا يمكن استردادها أو إعادة استخدامها,
"Non-recyclable paper, tissues, napkins, paper towels, and contaminated paper products",ورق غير قابل لإعادة التدوير ومناديل ورقية ومحارم ورقية ومناشف ورقية ومنتجات ورقية ملوثة
Non-recyclable rubber items and rubber waste,مواد مطاطية غير قابلة لإعادة التدوير ونفايات مطاطية,
Nos,قطعة,
Not Specified,غير محدد,
Note,ملاحظة,
Note:,ملاحظة:,
"Office paper, newspapers, magazines, and clean printed materials",ورق مكتبي وصحف ومجلات ومواد مطبوعة نظيفة,
Oil and Lubricants,زيوت ومواد تشحيم,
Organic Wastes,نفايات عضوية,
Other Plastics (Type 7),بلاستيك آخر (النوع 7),
Ounce,أونصة,
Ounce-Force,أونصة-قوة,
Ounce/Cubic Foot,أونصة/قدم مكعب,
Ounce/Cubic Inch,أونصة/بوصة مكعبة,
Ounce/Gallon (UK),أونصة/غالون (بريطاني),
Ounce/Gallon (US),أونصة/غالون (أمريكي),
Overview,نظرة عامة,
"Paints, solvents, acids, bases, and other chemical substances",دهانات ومذيبات وأحماض وقواعد ومواد كيميائية أخرى,
Pair,زوج,
Paper and Cardboard,ورق وكرتون,
Paper Waste,نفايات ورقية,
Parent Category,الفئة الأصل,
Parts Per Million,جزء في المليون,
Pascal,باسكال,
Peck,بيك,
Percent,نسبة مئوية,
Permissible Container Location Remoteness,بُعد موقع الحاوية المسموح به,
Pesticides and Fertilizers,مبيدات وأسمدة,
PET Plastic (Type 1),بلاستيك PET (النوع 1),
Pint (UK),باينت (بريطاني),
"Pint, Dry (US)",باينت جاف (أمريكي),
"Pint, Liquid (US)",باينت سائل (أمريكي),
Plastic and metal beverage bottles and cans,زجاجات وعلب مشروبات بلاستيكية ومعدنية,
Plastic Waste,نفايات بلاستيكية,
Please select service type and ISIC classification first,يرجى اختيار نوع الخدمة والتصنيف الصناعي أولاً,
"Polyethylene Terephthalate - water bottles, soft drink bottles, food containers",بولي إيثيلين تيرفثالات - زجاجات ماء وزجاجات مشروبات غازية وحاويات طعام,
"Polypropylene - yogurt containers, bottle caps, straws",بولي بروبيلين - حاويات زبادي وأغطية زجاجات ومصاصات,
"Polystyrene - foam cups, egg cartons, disposable cutlery",بوليسترين - أكواب فوم وعلب بيض وأدوات مائدة يمكن التخلص منها,
"Polyvinyl Chloride - pipes, window frames, credit cards",بولي فينيل كلوريد - أنابيب وإطارات نوافذ وبطاقات ائتمان,
Pond,بوند,
Pood,بود,
Pound,باوند,
Pound-Force,باوند-قوة,
Pound/Cubic Foot,باوند/قدم مكعب,
Pound/Cubic Inch,باوند/بوصة مكعبة,
Pound/Cubic Yard,باوند/ياردة مكعبة,
Pound/Gallon (UK),باوند/غالون (بريطاني),
Pound/Gallon (US),باوند/غالون (أمريكي),
Poundal,بوندال,
PP Plastic (Type 5),بلاستيك PP (النوع 5),
PP Plastic (Type 5),بلاستيك PP (النوع 5),
Print Report,طباعة التقرير,
PS Plastic (Type 6),بلاستيك PS (النوع 6),
Psi/1000 Feet,رطل لكل بوصة مربعة/1000 قدم,
PVC Plastic (Type 3),بلاستيك PVC (النوع 3),
Quart (UK),كوارت (بريطاني),
Quart Dry (US),كوارت جاف (أمريكي),
Quart Liquid (US),كوارت سائل (أمريكي),
Quintal,قنطار,
Facility Rating Safety Factor,عامل أمان تصنيف المنشأة,
Ready-Mix Concrete,خرسانة جاهزة,
Recyclable glass containers and products,حاويات ومنتجات زجاجية قابلة لإعادة التدوير,
Recyclable metallic materials including ferrous and non-ferrous metals,مواد معدنية قابلة لإعادة التدوير بما في ذلك المعادن الحديدية وغير الحديدية,
Recyclable plastic materials categorized by resin identification codes,مواد بلاستيكية قابلة لإعادة التدوير مصنفة حسب رموز تعريف الراتنج,
Recyclable Waste,قابلة لإعادة التدوير,
Recyclable Wastes,نفايات قابلة لإعادة التدوير,
Regional Safety Factor,عامل الأمان الإقليمي,
Regional Service Configuration,الإعدادات الإقليمية,
Registered Containers,حاويات مسجلة,
Registered Waste Transporters,ناقلو النفايات المسجلين,
Remove,إزالة,
Required user IDs (will be included in facility and contract creation),معرفات المستخدمين المطلوبة (سيتم تضمينها في إنشاء المرفق والعقد),
Residual Wastes,نفايات متبقية,
Result,النتيجة,
Results are estimates and may vary depending on the actual nature of the activity,النتائج تقديرية وقد تختلف حسب طبيعة النشاط الفعلي,
Rod,قضيب,
Role Allowed to Override Stop Action,الدور المسموح له بتجاوز إجراء الإيقاف,
Roofing Materials,مواد تسقيف,
Root category for all waste classification types,الفئة الجذرية لجميع أنواع تصنيف النفايات,
"Row #{0}: Credential Type must be one of: {1}. Got '{2}'.",الصف #{0}: يجب أن يكون نوع الاعتماد أحد: {1}. القيمة المُدخلة '{2}'.,
Row #{0}: Expiry Date cannot be before Issue Date.,الصف #{0}: لا يمكن أن يكون تاريخ الانتهاء قبل تاريخ الإصدار.,
Rubber Products,منتجات مطاطية,
Safety Factor,عامل الأمان,
Sanitary Waste,نفايات صحية,
Sazhen,سازين,
Search for ISIC Classification,ابحث عن التصنيف الصناعي,
Search for Service Type,ابحث عن نوع الخدمة,
Search for UOM,ابحث عن وحدة القياس,
Search Here,ابحث هنا,
Search Path,مسار البحث,
Second,ثانية,
Section,باب,
Select from available waste types on the left,اختر من أنواع النفايات المتاحة على اليسار,
Selected,محدد,
Service Configuration,إعدادات الخدمة,
Service Information,معلومات الخدمة,
Service Type,نوع الخدمة,
Set,طقم,
Sewage Waste,نفايات صرف صحي,
"Shingles, roofing tiles, asphalt roofing, and roofing membranes",قوالب التسقيف وبلاط السقف والتسقيف الأسفلتي وأغشية التسقيف,
Slaughterhouse Waste,نفايات مسالخ,
Slug,سلج,
Slug/Cubic Foot,سلج/قدم مكعب,
Smart digital system for managing individual and commercial waste,منظومة رقميـة ذكيـة لإدارة النفايـات الفرديـة والتجاريـة,
Specific,محدد,
Specific type,نوع محدد,
Square Centimeter,سنتيمتر مربع,
Square Foot,قدم مربع,
Square Inch,بوصة مربعة,
Square Kilometer,كيلومتر مربع,
Square Meter,متر مربع,
Square Mile,ميل مربع,
Square Yard,ياردة مربعة,
Standard Density,الكثافة القياسية,
Standard Measurement Units,وحدات القياس القياسية,
"Steel, iron, and iron-containing metal scraps and products",فولاذ وحديد وقصاصات ومنتجات معدنية تحتوي على الحديد,
Stone,ستون,
Stop,إيقاف,
"Structural steel, rebar, metal frames, pipes, and metal construction materials",فولاذ إنشائي وحديد تسليح وإطارات معدنية وأنابيب ومواد بناء معدنية,
Submit a Complaint,رفع شكوى,
Suggested Container,الحاوية المقترحة,
Suggested containers are based on calculated generation rates,الحاويات المقترحة تستند إلى معدلات التوليد المحسوبة,
Support and Help,الدعم والمساعدة,
Tablespoon (US),ملعقة طعام (أمريكية),
Tax ID,الرقم الضريبي,
Tax Identification Number,رقم التعريف الضريبي,
Teaspoon,ملعقة شاي,
Technical Atmosphere,ضغط جوي تقني,
Terms and Conditions,البنود والاشتراطات,
Tesla,تسلا,
Textiles and Fabrics,منسوجات وأقمشة,
The daily waste generation rate per unit of the specified unit of measure.,معدل توليد النفايات اليومي لكل وحدة من وحدة القياس المحددة.,
The following distribution shows the expected waste type composition based on the service configuration parameters.,يوضح التوزيع التالي تكوين أنواع النفايات المتوقعة بناءً على معاملات إعدادات الخدمة.,
"The following estimates represent expected waste generation volumes across different time periods, calculated on a daily basis",التقديرات التالية تمثل أحجام توليد النفايات المتوقعة عبر فترات زمنية مختلفة، محسوبة على أساس يومي,
"The following estimates represent projected waste generation volumes across different time periods, calculated on a daily basis.",التقديرات التالية تمثل أحجام توليد النفايات المتوقعة عبر فترات زمنية مختلفة، محسوبة على أساس يومي.,
The following waste types have been specifically selected for this facility based on operational requirements.,تم اختيار أنواع النفايات التالية خصيصاً لهذه المنشأة بناءً على المتطلبات التشغيلية.,
This will check the availability of containers of the selected container type before submitting the contract.,سيتم التحقق من توفر الحاويات من نوع الحاوية المحدد قبل تسجيل العقد.,
Threshold Cluster,عتبة الكتلة,
Time Period,الفترة الزمنية,
Time-based Waste Generation Estimates,التقديرات الزمنية لتوليد النفايات,
Ton (Long)/Cubic Yard,طن (طويل)/ياردة مكعبة,
Ton (Short)/Cubic Yard,طن (قصير)/ياردة مكعبة,
Ton-Force (UK),طن-قوة (بريطاني),
Ton-Force (US),طن-قوة (أمريكي),
Tonne,طن,
Tonne-Force(Metric),طن-قوة (متري),
Torr,تور,
Total Generated Waste,إجمالي النفايات المتولدة,
Transparent clear glass bottles and containers,زجاجات وحاويات زجاجية شفافة ونقية,
Treated Medical Waste,نفايات طبية معالجة,
Unit,وحدة,
Unit Waste Generation Rate,معدل توليد النفايات,
"Untreated wood, sawdust, wood chips, and timber offcuts",خشب غير معالج ونشارة خشب ورقائق خشبية وقصاصات أخشاب,
"Used motor oil, lubricants, hydraulic fluids, and petroleum products",زيت محركات مستعمل ومواد تشحيم وسوائل هيدروليكية ومنتجات بترولية,
Used Oils,زيوت مستعملة,
Vara,فارا,
Versta,فيرستا,
Vision 2030,Vision 2030,
Volt-Ampere,فولت-أمبير,
Volume,الحجم,
Warn,تحذير,
Waste After Safety Factor Adjustment,النفايات بعد تعديل عامل الأمان,
Waste Calculator,حاسبة النفايات,
Waste Categories,فئات النفايات,
Waste Containers,حاويات النفايات,
Waste Generation Assessment Report,تقرير تقييم توليد النفايات,
Waste Generation Calculation,حساب توليد النفايات,
Waste Generation Rate,معدل توليد النفايات,
Waste Generation Time-Based Projections,التوقعات الزمنية لتوليد النفايات,
"Waste materials generated from construction, renovation, and demolition activities",مواد نفايات من أنشطة البناء والتجديد والهدم,
Waste materials requiring special handling due to hazardous properties,مواد نفايات تتطلب معالجة خاصة بسبب خصائصها الخطرة,
Waste Type,نوع النفايات,
Waste Types,أنواع النفايات,
Watt,وات,
Watt-Hour,وات-ساعة,
Wavelength In Gigametres,طول موجي بالجيغامتر,
Wavelength In Kilometres,طول موجي بالكيلومتر,
Wavelength In Megametres,طول موجي بالميغامتر,
Week,أسبوع,
Weekly Generation,التوليد الأسبوعي,
Weight,الوزن,
Weight calculations are based on waste type densities where available.,حسابات الوزن مبنية على كثافة أنواع النفايات حيثما كانت متاحة.,
Wood Waste,نفايات خشبية,
Yard,ياردة,
Yearly Generation,التوليد السنوي,
You can apply facility rating for more accurate results,يمكنك تطبيق تصنيف المنشأة للحصول على نتائج أكثر دقة,
⚠️ At least one type must be selected from this group,⚠️ يجب اختيار نوع واحد على الأقل من هذه المجموعة,
Home,الرئيسية,
Services,الخدمات,
About Us,نبذة عنا,
Dashboard,لوحة التحكم,
Sign In,تسجيل الدخول,
Logout,تسجيل الخروج,
Waste Classification,تصنيف النفايات,
"Naqel platform is your unified digital platform for managing and organizing individual and commercial waste with high efficiency. It connects the municipality, service contractors, and waste producers through tracking waste movement, electronically registering producers, and monitoring service provider performance. The platform aims to enhance effective oversight, raise service quality, ensure compliance with approved standards, and facilitate contracting and follow-up procedures through an integrated electronic system that keeps pace with digital transformation and contributes to achieving environmental sustainability.","منصة حاوية هي منصتك الرقمية الموحدة لإدارة وتنظيم النفايات الفردية والتجارية بكفاءة عالية، تعمل على الربط بين الأمانة ومقاولي الخدمة ومنتجي النفايات، من خلال تتبع حركة النفايات، تسجيل المنتجين إلكترونيًا، ومتابعة أداء الجهات الخدمية. وتهدف المنصة إلى تعزيز الرقابة الفعالة، رفع جودة الخدمات، ضمان الالتزام بالمعايير المعتمدة، وتسهيل إجراءات التعاقد والمتابعة، عبر نظام إلكتروني متكامل يواكب التحول الرقمي ويسهم في تحقيق الاستدامة البيئية.",
Join Naqel Platform,انضم إلى منصة حاوية,
Register your entity now as a producer or waste transporter and start managing waste efficiently,سجل مؤسستك الآن كمنتج أو ناقل نفايات وابدأ بإدارة النفايات بكفاءة,
Track waste movement accurately,تتبع حركة النفايات بشكل دقيق,
Integrated management of facilities and vehicles,إدارة متكاملة للمنشآت والمركبات,
Detailed reports and statistics,تقارير وإحصائيات تفصيلية,
Already have an account?,لديك حساب بالفعل؟,
Log In,تسجيل الدخول,
Account already exists. Please create entity.,الحساب موجود بالفعل. يرجى إنشاء المؤسسة.,
User account created successfully,تم إنشاء حساب المستخدم بنجاح,
Failed to create user account,فشل إنشاء حساب المستخدم,
Failed to create account. Please try again.,فشل إنشاء الحساب. يرجى المحاولة مرة أخرى.,
This account is already registered. Please log in.,هذا الحساب مسجل بالفعل. يرجى تسجيل الدخول.,
Account and entity created successfully! You will be redirected to login page,تم إنشاء الحساب والمؤسسة بنجاح! سيتم تحويلك إلى صفحة تسجيل الدخول,
You have been added to the existing entity! You will be redirected to login page,تم إضافتك إلى المؤسسة الموجودة! سيتم تحويلك إلى صفحة تسجيل الدخول,
Failed to create entity. Please try again.,فشل إنشاء المؤسسة. يرجى المحاولة مرة أخرى.,
Create User Account,إنشاء حساب مستخدم,
Step 1 of 2: Enter your personal information,الخطوة 1 من 2: أدخل بياناتك الشخصية,
First Name,الاسم الأول,
This field is required,هذا الحقل مطلوب,
Middle Name,الاسم الأوسط,
(optional),(اختياري),
Last Name,اسم العائلة,
Email,البريد الإلكتروني,
Invalid email address,البريد الإلكتروني غير صحيح,
Mobile Number,رقم الجوال,
Invalid mobile number,رقم الجوال غير صحيح,
Password,كلمة المرور,
Password must be at least,كلمة المرور يجب أن تكون,
characters,أحرف على الأقل,
Use a strong password containing letters numbers and symbols,استخدم كلمة مرور قوية تحتوي على أحرف وأرقام ورموز,
Confirm Password,تأكيد كلمة المرور,
Passwords do not match,كلمة المرور غير متطابقة,
Creating...,جاري الإنشاء...,
Next,التالي,
Back,رجوع,
More,المزيد,
Waste Producer,منتج النفايات,
Waste Transporter,ناقل النفايات,
Create Waste Producer Entity,إنشاء جهة منتجة للنفايات,
Create Waste Transporter Entity,إنشاء جهة ناقلة للنفايات,
Step 2 of 2: Enter the entity information,الخطوة 2 من 2: أدخل بيانات المؤسسة,
Entity Name,اسم المؤسسة,
Tax ID,الرقم الضريبي,
Tax ID must be 15 digits,الرقم الضريبي يجب أن يكون 15 رقماً,
Create Account,إنشاء الحساب,
Note:,ملاحظة:,
If the tax ID is already registered you will be added to the existing entity as a regular user.,"إذا كان الرقم الضريبي مسجل مسبقاً، سيتم إضافتك إلى المؤسسة الموجودة كمستخدم عادي.",
Change font size,تغيير حجم الخط,
Font Size,حجم الخط,
Large font,خط كبير,
Normal font,خط عادي,
Small font,خط صغير,
Print page,طباعة الصفحة,
Print,طباعة,
Sorry your browser does not support text-to-speech,عذراً المتصفح لا يدعم خاصية القراءة الصوتية,
Resume reading,استئناف القراءة,
Pause,إيقاف مؤقت,
Listen to page,الاستماع للصفحة,
Resume,استئناف,
Listen,استماع,
Speed,السرعة,
Slow,بطيء,
Normal,عادي,
Fast,سريع,
Page saved successfully,تم حفظ الصفحة بنجاح,
An error occurred while saving the page,حدث خطأ أثناء حفظ الصفحة,
Save page,حفظ الصفحة,
Save,حفظ,
Failed to copy link,فشل نسخ الرابط,
Naqel Platform - Smart Digital Waste Management System,منصة حاوية - منظومة رقمية ذكية لإدارة النفايات,
Share page,مشاركة الصفحة,
Share,مشاركة,
Share via,مشاركة عبر,
Share on Facebook,مشاركة على فيسبوك,
Share on WhatsApp,مشاركة على واتساب,
Share on Twitter,مشاركة على تويتر,
Share on LinkedIn,مشاركة على لينكدإن,
Share on Telegram,مشاركة على تليجرام,
Copy link,نسخ الرابط,
Copied,تم النسخ,
"Sorry, your browser does not support text-to-speech","عذراً، المتصفح لا يدعم خاصية القراءة الصوتية",
Waste Removal Mechanism,آلية إزالة النفايات,
Regional Setup,الإعداد الإقليمي,
Address Division,تقسيم العنوان,
Address Division Category,فئة تقسيم العنوان,
Waste Setup,إعداد النفايات,
Service Setup,إعداد الخدمة,
Has Composite Waste Category,هل تحتوي على فئة نفايات مركبة,
"At least two waste groups must be selected; waste group ratios should be included in the waste configuration","يجب تحديد مجموعتين على الأقل من مجموعات النفايات؛ يجب تضمين نسب مجموعات النفايات في إعداد النفايات",
Collection Method,طريقة الجمع,
Single Container,حاوية واحدة,
Multiple Containers,عدة حاويات,
Container For Each Waste Group,حاوية لكل مجموعة نفايات,
Waste Settings,إعدادات النفايات,
Service Settings,إعدادات الخدمة,
Has Recurring Waste Generation,هل يحتوي على توليد نفايات متكرر,
Check if this service has a recurring waste that is generated at a consistent and fixed rate,تحقق مما إذا كانت هذه الخدمة تحتوي على توليد نفايات متكرر يتم توليده بمعدل ثابت ومتسق,
"Link to an ERPNext Item (non-stock, no variants, not a fixed asset). This is the bridge between Naqel and ERPNext — the selected item will be used when generating Service Quotations and Sales Orders for this service type.","الربط بعنصر في ERPNext (غير مخزون، بدون متغيرات، ليس أصل ثابت). هذا هو الجسر بين حاوية وERPNext - سيتم استخدام العنصر المحدد عند إنشاء عروض أسعار الخدمة وأوامر البيع لهذا النوع من الخدمة.",
"Click on a container to view its waste types, then drag and drop waste from the panel",انقر على حاوية لعرض أنواع النفايات الخاصة بها، ثم اسحب وأفلت النفايات من اللوحة,
"Drag and drop into the container",اسحب وأفلت في الحاوية,
"Select previous fields first",اختر الحقول السابقة أولاً,
"Generated by the Waste Generation Calculator",تم إنشاؤه بواسطة حاسبة توليد النفايات
Operation,التشغيل,
Has Designated Containers,هل لديه حاويات مخصصة,
Grants License,يمنح رخصة,
Check if this service type grants a license to the facility,تحقق مما إذا كان هذا النوع من الخدمة يمنح رخصة للمنشأة,
Is General Configuration,هل هو إعداد عام,
Apply Facility Ratings,تطبيق تصنيفات المنشأة,
"If enabled, the user must enter an estimated rating for the created facility to evaluate the specified service",إذا تم تمكينه، يجب على المستخدم إدخال تصنيف تقديري للمنشأة التي تم إنشاؤها لتقييم الخدمة المحددة,
Waste Distributions,توزيعات النفايات,
"All distribution percentages should be approximately equal to 100%",يجب أن تكون جميع نسب التوزيع تقريبًا مساوية لـ 100%,
Distribution Percentage,نسبة التوزيع,
Waste Generation Classification,تصنيف توليد النفايات,
Generation Classification,تصنيف التوليد,
"If waste generation is recurring, classify the generation on daily perspective.",إذا كان توليد النفايات متكررًا، قم بتصنيف التوليد من منظور يومي.,
Container Standard Volume,الحجم القياسي للحاوية,
Container Volume Unit,وحدة حجم الحاوية,
"Max. Threshold",الحد الأقصى للعتبة,
"Min. Threshold",الحد الأدنى للعتبة,
Volume Conversion Factor,عامل تحويل الحجم,
Container Converted Volume,الحجم المحول للحاوية,
Total Converted Volume,إجمالي الحجم المحول,
Total Volume,إجمالي الحجم,
Mean Threshold,متوسط العتبة,
Mean Volume,متوسط الحجم,
Median Threshold,العتبة الوسيط,
Median Volume,الحجم الوسيط,
Mean Generation Rate Per Unit,معدل التوليد المتوسط لكل وحدة,
Median Generation Rate Per Unit,معدل التوليد الوسيط لكل وحدة,
Calculation Settings,إعدادات الحساب,
Calculate Facility Wastes By,حساب نفايات المنشأة بواسطة,
Calculate Generation Rate By,حساب معدل التوليد بواسطة,
"In case of Cluster Classification facility wastes calculations, the value of the unit of measurement for a facility exceeding the maximum threshold will be treated accordingly","في حالة حساب نفايات المنشأة بتصنيف العنقود، سيتم التعامل مع قيمة وحدة القياس للمنشأة التي تتجاوز الحد الأقصى وفقًا لذلك",
Disabled,معطل,
Enabled,مفعل,
Use Regional Configuration,استخدام الإعدادات الإقليمية,
Regional Lookup Mode,وضع البحث الإقليمي,
Automatic,تلقائي,
Manual,يدوي,
Action If No Regional Configuration Found,الإجراء إذا لم يتم العثور على إعداد إقليمي,
"Configure the action to stop the transaction or just warn if no regional configuration is found for this ISIC classification category",قم بتكوين الإجراء لإيقاف المعاملة أو مجرد التحذير إذا لم يتم العثور على إعداد إقليمي لهذه الفئة التصنيفية ISIC,
Regional Configuration,الإعداد الإقليمي,
Facility Ratings,تصنيفات المنشأة,
Ratings,التصنيفات,
Rating,التصنيف,
The safety factor specified for each classification will be multiplied by the total waste generated by the facility,سيتم ضرب عامل الأمان المحدد لكل تصنيف في إجمالي النفايات المتولدة من المنشأة,
Division Category,فئة القسم,
"The safety factor will be multiplied by the total waste generated by the facility according to the original waste configuration",سيتم ضرب عامل الأمان في إجمالي النفايات المتولدة من المنشأة وفقًا لإعدادات النفايات الأصلية,
Configuration Method,طريقة التكوين,
"Only leaf nodes are allowed in waste selection",يسمح فقط بالعقد الطرفية في اختيار النفايات,
Measurments,القياسات,
Description,الوصف,
Calculate Average Density,حساب الكثافة المتوسطة,
Waste Type Tree,شجرة نوع النفايات,
Parent Waste Type,نوع النفايات الأصل,
Is Group,هل هو مجموعة,
Requires Location Verification,يتطلب التحقق من الموقع,
"Requires Round-trip Count",يتطلب عد الرحلات ذهابًا وإيابًا,
"Standard Round-trip Rate",معدل الرحلة ذهابًا وإيابًا القياسي,
"Round-trip Rate Periodicity",دورية معدل الرحلة ذهابًا وإيابًا,
"Check if this waste removal mechanism requires area verification",تحقق مما إذا كانت آلية إزالة النفايات هذه تتطلب التحقق من المنطقة,
"Check if this waste removal mechanism includes a round-trip calculation",تحقق مما إذا كانت آلية إزالة النفايات هذه تتضمن حساب الرحلات ذهابًا وإيابًا,
"In case of Cluster Classification facility wastes calculations, the value of the unit of measurement for a facility exceeding the maximum threshold will be treated accordingly.",في حالة حساب نفايات المنشأة بتصنيف العنقود، سيتم التعامل مع قيمة وحدة القياس للمنشأة التي تتجاوز الحد الأقصى وفقًا لذلك.
Naqel Setup,التهيئة,
Naqel Operation,التشغيل,
Naqel CRM,إدارة علاقات العملاء,
Naqel Settings,الإعدادات,
Default Measurements,القياسات الافتراضية,
Demo Data,بيانات تجريبية,
Contracting,التعاقد,
Contract Settings,إعدادات التعاقد,
Address Settings,إعدادات العنوان,
Credentials,الاعتمادات,
Credential Type,نوع الاعتماد,
Credential,الاعتماد,
Issue Date,تاريخ الإصدار,
Identification Number,رقم الهوية,
Expiry Date,تاريخ الانتهاء,
Eligible For Multi-branched Facility,مؤهل لمنشأة متعددة الفروع,
Check to make this ID eligible for multiple facilities,تحقق لجعل هذا المعرف مؤهلاً لمنشآت متعددة,
Validation Code,رمز التحقق,
Document Parsing,تحليل المستندات,
Designated Field Name,اسم الحقل المخصص,
Parser Type,نوع المحلل,
Parser,المحلل,
The label containing the ID number that the search engine should look for in the uploaded document,التسمية التي تحتوي على رقم الهوية والتي يجب أن يبحث عنها محرك البحث في المستند الذي تم تحميله,
Facility IDs,معرفات المنشأة,
The permitted documents that must be included upon creating a facility and contract,المستندات المسموح بها التي يجب تضمينها عند إنشاء منشأة وعقد,
Document Type,نوع المستند,
Document Number,رقم المستند,
Requires Facility Credential Upload,يتطلب تحميل اعتماد المنشأة,
"If enabled, facilities must have their credentials uploaded to create their documents",إذا تم تمكينه، يجب على المنشآت تحميل اعتماداتها لإنشاء مستنداتها,
Requires Geolocation on Facility,يتطلب تحديد الموقع الجغرافي على المنشأة,
Requires Address Document Upload,يتطلب تحميل مستند العنوان,
"If enabled, facilities must have an address document (PDF or image) uploaded before saving.",إذا تم تمكينه، يجب على المنشآت تحميل مستند عنوان (PDF أو صورة) قبل الحفظ.,
City Default Address Category,فئة العنوان الافتراضية للمدينة,
"If enabled, facilities must have a location pinned on the map before saving.","إذا تم تمكينه، يجب على المنشآت تحديد موقع على الخريطة قبل الحفظ."
Default Map Center,مركز الخريطة الافتراضي,
Default Latitude,خط العرض الافتراضي,
Default Longitude,خط الطول الافتراضي,
"Default latitude for the map center when no location is set.","خط العرض الافتراضي لمركز الخريطة عندما لا يتم تعيين موقع."
"Default longitude for the map center when no location is set.","خط الطول الافتراضي لمركز الخريطة عندما لا يتم تعيين موقع."
Document Parsing Settings,إعدادات تحليل المستندات,
Default Zoom Level,مستوى التكبير الافتراضي,
"Default zoom level for the map (1–18).","مستوى التكبير الافتراضي للخريطة (1-18)."
Enable Document Parsing,تمكين تحليل المستندات,
Fetch from System Country,احضار من نظام البلد,
Parser Strategy,استراتيجية المحلل,
Service Request,طلب الخدمة,
Service Quotation,عرض سعر خدمات,
Service Contract,عقد خدمات,
Facility,المنشأة,
Facility Name,اسم المنشأة,
Has Multiple Branches,هل لديه فروع متعددة,
"Enable this if the facility has multiple branches with a unified registration number.","قم بتمكين هذا إذا كانت المنشأة لديها فروع متعددة برقم تسجيل موحد.",
Parent Facility,المنشأة الأم,
Facility Credentials,اعتمادات المنشأة,
Location,الموقع,
Facility Address,عنوان المنشأة,
National Address,العنوان الوطني,
Address Document,مستند العنوان,
Street,الشارع,
Building,المبنى,
District,الحي,
Postal Code,الرمز البريدي,
Building Number,رقم المبنى,
Additional Number,رقم إضافي,
Unit Number,رقم الوحدة,
City,المدينة,
Another Territory,منطقة أخرى,
Check if the targeted territory does not exist,تحقق مما إذا كانت المنطقة المستهدفة غير موجودة,
Annex,الملحق,
Container,الحاوية,
Containers,الحاويات,
Container Deploy,نشر الحاوية,
Container Operation Action,إجراء عملية الحاوية,
Deployed Containers,الحاويات المنشورة,
Warehouse,المستودع,
Lifted,مرفوعة,
Under Inspection,تحت الفحص,
Under Maintenance,تحت الصيانة,
Out of Service,خارج الخدمة,
Empty,فارغة,
Containers,الحاويات,
Container ID,معرف الحاوية,
Manufacturer ID,معرف الشركة المصنعة,
Status,الحالة,
In Warehouse,في المستودع,
In Location,في الموقع,
Deployed,منشورة,
Project,المشروع,
Status,الحالة,
Deploy Date,تاريخ النشر,
Deploy Time,وقت النشر,
Container Location,موقع الحاوية,
Action Title,عنوان الإجراء,
Action Description,وصف الإجراء,
Action if the container is assigned in this status,الإجراء إذا تم تعيين الحاوية في هذه الحالة,
"Access your control panel","الوصول إلى لوحة التحكم",
"Account already exists. Please register your company.","الحساب موجود بالفعل. يرجى تسجيل شركتك.",
"Account and company created successfully! You will be redirected to login page","تم إنشاء الحساب والشركة بنجاح! ستتم إعادة توجيهك إلى صفحة تسجيل الدخول",
"Back","رجوع",
"By signing in, you agree to our","بتسجيل الدخول، أنت توافق على",
"characters","حرف",
"Company Name","اسم الشركة",
"Confirm Password","تأكيد كلمة المرور",
"Create Account","إنشاء حساب",
"Create User Account","إنشاء حساب مستخدم",
"Creating...","جاري الإنشاء...",
"Detailed reports and statistics","تقارير وإحصائيات تفصيلية",
"Don't have an account?","ليس لديك حساب؟",
"Email","البريد الإلكتروني",
"Email / Username","البريد الإلكتروني / اسم المستخدم",
"Enter your email or username","أدخل بريدك الإلكتروني أو اسم المستخدم",
"Failed to register company. Please try again.","فشل تسجيل الشركة. يرجى المحاولة مرة أخرى.",
"Failed to create account. Please try again.","فشل إنشاء الحساب. يرجى المحاولة مرة أخرى.",
"Failed to create user account","فشل إنشاء حساب المستخدم",
"First Name","الاسم الأول",
"Forgot your password?","هل نسيت كلمة المرور؟",
"Hide password","إخفاء كلمة المرور",
"If the tax ID is already registered, you will be added to the existing company.","إذا كان الرقم الضريبي مسجلاً بالفعل، سيتم إضافتك إلى الشركة الموجودة.",
"Incorrect email or password. Please try again.","البريد الإلكتروني أو كلمة المرور غير صحيحة. يرجى المحاولة مرة أخرى.",
"Integrated management of facilities and services","إدارة متكاملة للمنشآت والخدمات",
"Invalid email address","عنوان البريد الإلكتروني غير صالح",
"Invalid mobile number","رقم الجوال غير صالح",
"Join Naqel Platform","انضم إلى منصة حاوية",
"Last Name","اسم العائلة",
"Log In","تسجيل الدخول",
"Logged in successfully!","تم تسجيل الدخول بنجاح!",
"Login failed. Please check your credentials.","فشل تسجيل الدخول. يرجى التحقق من بيانات الدخول.",
"Middle Name","الاسم الأوسط",
"Mobile Number","رقم الجوال",
"Next","التالي",
"No internet connection. Please check and try again.","لا يوجد اتصال بالإنترنت. يرجى التحقق من الاتصال والمحاولة مرة أخرى.",
"Note:","ملاحظة:",
"Operators","المشغلون",
"(optional)","(اختياري)",
"or","أو",
"Password","كلمة المرور",
"Password must be at least","يجب أن تكون كلمة المرور على الأقل",
"Passwords do not match","كلمتا المرور غير متطابقتين",
"Platform","منصة",
"Register Your Company","تسجيل شركتك",
"Register your company now and start managing waste efficiently","سجل شركتك الآن وابدأ بإدارة النفايات بكفاءة",
"Search Here","ابحث هنا",
"Server error. Please try again later.","حدث خطأ في الخادم. يرجى المحاولة لاحقاً.",
"Show password","إظهار كلمة المرور",
"Sign In","تسجيل الدخول",
"Signing in...","جاري تسجيل الدخول...",
"Smart digital system for managing individual and commercial waste","منظومة رقمية ذكية لإدارة النفايات الفردية والتجارية",
"Step 1 of 2: Enter your personal information","الخطوة 1 من 2: أدخل معلوماتك الشخصية",
"Step 2 of 2: Enter your company information","الخطوة 2 من 2: أدخل معلومات شركتك",
"Terms & Conditions","البنود والاشتراطات",
"This account is already registered. Please log in.","هذا الحساب مسجل بالفعل. يرجى تسجيل الدخول.",
"This field is required","هذا الحقل مطلوب",
"Too many attempts. Please wait and try again later.","تم تجاوز الحد المسموح به من المحاولات. يرجى الانتظار قليلاً والمحاولة لاحقاً.",
"Track waste movement accurately","تتبع حركة النفايات بدقة",
"Use a strong password containing letters, numbers and symbols","استخدم كلمة مرور قوية تحتوي على أحرف وأرقام ورموز",
"User account created successfully","تم إنشاء حساب المستخدم بنجاح",
"Vehicles","المركبات",
"Vision 2030","رؤية 2030",
"Waste Management","إدارة النفايات",
"You do not have access. Please contact support.","ليس لديك صلاحية الوصول. يرجى التواصل مع الدعم الفني.",
"You have been added to the existing company! You will be redirected to login page","تمت إضافتك إلى الشركة الموجودة! ستتم إعادة توجيهك إلى صفحة تسجيل الدخول",
"Tax ID must be 15 digits","يجب أن يتكون الرقم الضريبي من 15 رقماً",
Field Operational Plan,خطة التشغيل الميداني,
Coordinates,الإحداثيات,
"If enabled, this container will be assigned to multiple leased customers in the vicinity of its deployment",في حال تفعيل هذه الخاصية، سيتم تخصيصها لعدة عملاء مستأجرين في المنطقة المحيطة بموقع نشرها,
Requires Container Deployment,يتطلب نشر الحاوية,
UOM Value,قيمة وحدة القياس,
ISIC Category,فئة تصنيف الISIC,
Activity,النشاط,
Analyze By,تحليل بواسطة,
Total,الإجمالي,
Refresh,تحديث,
Notification,إشعار,
Search,بحث,
Organic Wastes,نفايات عضوية,
Residual Wastes,نفايات متبقية,
Recyclable Wastes,نفايات قابلة لإعادة التدوير,
ISIC Level,مستوى ISIC,
Calcuated Waste,النفايات المحسوبة,
Mean Rate,معدل المتوسط,
Median Rate,معدل الوسيط,
Total Waste,إجمالي النفايات,
Waste Breakdown,تفصيل النفايات,
Calculated Waste,النفايات المحسوبة,
yards,ياردة,
User Information,بيانات المستخدم,
Company Information,بيانات الشركة,
Designated Removal Mechanisms,آليات الإزالة المخصصة,
Removal Mechanism,آلية الإزالة,
Estimated mass when the container is completely empty,الوزن المقدر عندما تكون الحاوية فارغة تمامًا,
Standard Mass,الوزن القياسي,
Standard Volume,الحجم القياسي,
Volume Unit,وحدة الحجم,
Required Vehicle Type,نوع المركبة المطلوبة,
The vehicle type required to service containers of this type (determined by container size and lift mechanism),نوع المركبة المطلوبة لخدمة الحاويات من هذا النوع (يحدد حسب حجم الحاوية وآلية الرفع),
Default Pricing,التسعير الافتراضي,
Default Rental Rate,سعر الإيجار الافتراضي,
Rental Periodicity,دورية الإيجار,
Monthly,شهري,
Weekly,أسبوعي,
Quarterly,ربع سنوي,
Yearly,سنوي,
Container Status Action,إجراء حالة الحاوية,
Operation Order,أمر تشغيل,
Operation Request,طلب تشغيل,
Container Survey,مسح الحاوية,
Waste Collection,جمع النفايات,
Container Relocation,إعادة تموضع الحاوية,
Container Trip,رحلة الحاوية,
Fleet Management,إدارة الأسطول,
Vehicle Type,نوع المركبة,
Mass Unit,وحدة الوزن,
Fill Level,مستوى التعبئة,
Operation Settings,إعدادات التشغيل,
Container Operation Schedule,جدول تشغيل الحاوية,
Order Date,تاريخ الطلب,
Request Date,تاريخ الطلب,
Requested By,طلب بواسطة,
Priority,الأولوية,
Low,منخفض,
Medium,متوسط,
High,مرتفع,
Open,مفتوح,
Inspection,فحص,
Cleaning and Disinfection,تنظيف وتعقيم,
Scan Container QR,مسح رمز الاستجابة السريعة للحاوية,
Reported By,تم الإبلاغ بواسطة,
Edit Survey Date and Time,تعديل تاريخ ووقت المسح,
Survey Date,تاريخ المسح,
Survey Time,وقت المسح,
Observation,ملاحظة,
Survey Type,نوع المسح,
Photo Evidence,دليل مصور,
Source,المصدر,
Collection Date,تاريخ الجمع,
Weight Unit,وحدة الوزن,
"Weighing Slip No.",رقم إيصال الوزن,
Tare Weight,وزن العربة,
Weighing,الوزن,
Planned Date,التاريخ المخطط,
Locations,المواقع,
From Location,من الموقع,
To Location,إلى الموقع,
Schedule,الجدول الزمني,
New Issuing,إصدار جديد,
Renewal,تجديد,
License Status,حالة الرخصة,
License Type,نوع الرخصة,
Waste Calculation,حساب النفايات,
More Info,مزيد من المعلومات,
Terms,الشروط,
Calculation Based On,الحساب بناءً على,
Waste Configuration,إعدادات النفايات,
Service License,رخصة الخدمة,
Applied Service Configuration,إعدادات الخدمة المطبقة,
Has Composite Wastes,يحتوي على نفايات مركبة,
Facility Wastes,نفايات المنشأة,
Wastes,النفايات,
Ownership,الملكية,
Waste Generation Rate Per Unit,معدل توليد النفايات لكل وحدة,
Container Count,عدد الحاويات,
Annex Generated Waste,النفايات المتولدة من الملحق,
Is Composite Facility,هل منشأة مركبة,
"If enabled, any added annexes will be included in the same quotation and contract using the same facility ID",إذا تم تمكينه، سيتم تضمين أي ملحقات مضافة في نفس عرض السعر والعقد باستخدام نفس معرف المنشأة,
Number of Rooms,عدد الغرف,
UOM Credentials,اعتمادات وحدة القياس,
Add the document types from which the value of the unit of measurement can be extracted,أضف أنواع المستندات التي يمكن استخراج قيمة وحدة القياس منها,
Is Composite UOM,وحدة قياس مركبة,
"If enabled, the selected subsidiary uom will be multiplied by the primary uom",إذا تم تمكينه، سيتم ضرب وحدة القياس الفرعية المحددة في وحدة القياس الأساسية,
Subsidiary UOM,وحدة قياس فرعية,
Default UOM,وحدة القياس الافتراضية,
Check this to disallow fractions. (for Individuals),حدد هذا الخيار لمنع الكسور. (للأفراد),
Draft,مسودة,
Under Process,تحت المعالجة,
Actions,الإجراءات,
Require Clarification,يتطلب توضيح,
Reject,رفض,
Mark as Cleared,تم التوضيح,
Approve Calculation,الموافقة على الحساب,
"Please select 'Calculation Based On' and 'Waste Configuration' first.",يرجى اختيار 'الحساب بناءً على' و 'إعدادات النفايات' أولاً.,
Suggested container based on the calculated total waste generation from the facility,الحاوية المقترحة بناءً على إجمالي توليد النفايات المحسوب من المنشأة,
"Approve the waste calculation and set status to Cleared?","هل توافق على حساب النفايات وتعيين الحالة إلى تم التوضيح؟",
Request Quotation,طلب عرض سعر,
"Request a formal price quotation for this service?","هل ترغب في طلب عرض سعر رسمي لهذه الخدمة؟",
Quotation Request,طلب عرض السعر,
Service Details,تفاصيل الخدمة,
Service Duration,مدة الخدمة,
Duration UOM,وحدة مدة الخدمة,
Year,سنة,
Month,شهر,
Service Pricing,تسعير الخدمة,
Waste Removal,إزالة النفايات,
Edit Removal Mechanism,تعديل آلية الإزالة,
Deployed Container,الحاوية المنشورة,
Deployed Container Count,عدد الحاويات المنشورة,
"Round-trip Count Per Periodicity",عدد الرحلات ذهابًا وإيابًا لكل دورية,
"Round-trip Rate",سعر الرحلة ذهابًا وإيابًا,
"Round-trip Periodicity",دورية الرحلة ذهابًا وإيابًا,
Additional Service Items,بنود خدمة إضافية,
Pricing Summary,ملخص التسعير,
Discount Mode,وضع الخصم,
Currency,العملة,
Service Total,إجمالي الخدمة,
Removal Mechanism Total,إجمالي آلية الإزالة,
Removal Mechanism Net Total,صافي إجمالي آلية الإزالة,
Additional Services Total,إجمالي الخدمات الإضافية,
Additional Services Net Total,صافي إجمالي الخدمات الإضافية,
Address,العنوان,
Service Items,بنود الخدمة,
Rental Rate,سعر الإيجار,
Service Net Total,صافي إجمالي الخدمة,
Service,الخدمة,
Date,التاريخ,
Tools,الأدوات,
"Duration-Based",بناءً على المدة,
"Service-Based",بناءً على الخدمة,
Company Tax ID,الرقم الضريبي للشركة,
Contract Duration,مدة العقد,
"Amount & Payments",القيمة والمدفوعات,
Contract Parties,أطراف العقد,
Contract Terms Template,قالب شروط العقد,
Title (Primary),العنوان (رئيسي),
Title (Foreign),العنوان (أجنبي),
Terms and Conditions (Primary),الشروط والأحكام (رئيسي),
Terms and Conditions (Foreign),الشروط والأحكام (أجنبي),
Company Contacts,جهات اتصال الشركة,
Company Official Contact,جهة الاتصال الرسمية للشركة,
Company Primary Address,العنوان الرئيسي للشركة,
"Reselect, if the chosen contact is edited after save.","إعادة الاختيار، إذا تم تعديل جهة الاتصال المختارة بعد الحفظ.",
"Reselect, if the chosen address is edited after save.","إعادة الاختيار، إذا تم تعديل العنوان المختار بعد الحفظ.",
Parties Representatives,ممثلين الأطراف,
Company Representatives,ممثلين الشركة,
Customer Representatives,ممثلين العميل,
Designation,المسمى الوظيفي,
Nationality,الجنسية,
Email ID,البريد الإلكتروني,
Contacts,جهات الاتصال,
Phone,الهاتف,
"<ul><li>Duration-Based: Depends on contract expiry.</li><li>Service-Based: Depends on service completion.</li></ul>",<ul><li>بناءً على المدة: يعتمد على انتهاء العقد.</li><li>بناءً على الخدمة: يعتمد على إكمال الخدمة.</li></ul>
Customer Tax ID,الرقم الضريبي للعميل,
Contract Date,تاريخ العقد,
Signee (Customer),الموقع (العميل),
Signee,الموقع,
Service Duration,مدة الخدمة,
Suggested Container Count,عدد الحاويات المقترح,
Contract Amount,قيمة العقد,
Deposit,عربون,
Installment Payment,دفعة التقسيط,
Apply Installment Payment,تطبيق دفعة التقسيط,
Due Start Date,تاريخ بدء الاستحقاق,
Instalment Count,عدد الأقساط,
Payment Periodicity,دورية الدفع,
Create Schedule,إنشاء جدول الدفعات,
Installment Amount,مبلغ القسط,
Deposit Payment Entry,سند قبض العربون,
Naqel Planning,التخطيط,
Naqel,حاوية,
Naqel Quality,الجودة,
Operational Route,المسار التشغيلي,
Daily Operational Plan,الخطة التشغيلية اليومية,
Route Name,اسم المسار,
Start Date,تاريخ البدء,
End Date,تاريخ الانتهاء,
Default Driver,السائق الافتراضي,
Assignment,التعيين,
Driver,السائق,
Default Vehicle,المركبة الافتراضية,
Route Stops,محطات المسار,
Seq.,تسلسل,
Plan Date,تاريخ الخطة,
Planned Stops,المحطات المخطط لها,
License Plate,لوحة الترخيص,
Model,الموديل,
Container Inspection,فحص الحاوية,
Maintenance Order,أمر الصيانة,
Inspection Parameter,معامل الفحص,
Inspection Parameter Group,مجموعة معاملات الفحص,
Inspection Template,قالب الفحص,
Parameter,المعامل,
Container Inspection Parameter,معامل فحص الحاوية,
Container Inspection Parameter Group,مجموعة معاملات فحص الحاوية,
Parameter Group Name,اسم مجموعة المعاملات,
Container Inspection Template Name,اسم قالب فحص الحاوية,
ISIC Classification Category,فئة تصنيف ISIC,
Tare Weight,الوزن فارغ,
"The weight of the empty container before collection. Used to calculate net waste weight.",وزن الحاوية الفارغة قبل الجمع. يستخدم لحساب الوزن الصافي للنفايات.,
"Default price list for this service type. Must be created before adding company-specific price lists. A default list cannot have a company assigned.",قائمة الأسعار الافتراضية لهذا النوع من الخدمة. يجب إنشاؤها قبل إضافة قوائم أسعار خاصة بالشركة. لا يمكن أن تحتوي القائمة الافتراضية على شركة معينة.,
Price List Name,اسم قائمة الأسعار,
Applicable For,تطبق على,
Collection Mechanism,آلية الجمع,
Rental Period UOM,وحدة مدة الإيجار,
Rental Rate,سعر الإيجار,
Collection Count,عدد مرات الجمع,
Collection Period Count,عدد فترات الجمع,
Collection Period UOM,وحدة مدة الجمع,
Service Price List,قائمة أسعار الخدمة,
Regional Price List,قائمة الأسعار الإقليمية,
Container Price,سعر الحاوية,
Pricing Setup,إعدادات التسعير,
Applicable For,تطبق على,
"Collection count in collection period (Period Count × Period UOM). Example: 1 Collection in 1 Day.",عدد مرات الجمع في الفترة (عدد فترات الجمع × وحدة مدة الجمع). مثال: 1 جمع لكل 1 يوم.,
Rental Price,سعر الإيجار,
Collection Configuration,إعدادات الجمع,
Service Pricing Rule,قاعدة تسعير الخدمة,
Pricing Rule Container Price,سعر الحاوية لقاعدة التسعير,
Rate,السعر,
Title,العنوان,
Missing Container Price Action,إجراء سعر الحاوية المفقودة,
Scope Type,نوع النطاق,
Scope,النطاق,
Service Type Default Fallback,الرجوع الافتراضي لنوع الخدمة,
Use Matching Base Price,استخدام السعر الأساسي المطابق,
"When no Pricing Rule Container Price matches the requested configuration:<ul><li><b>Service Type Default Fallback:</b> silently uses the default Container Price (is_default) for this service type.</li><li><b>Use Matching Base Price:</b> looks for an exact configuration match in the base Container Price layer.</li><li><b>Warn:</b> tries an exact match first, then falls back to the service type default if not found, and notifies the user in either case.</li><li><b>Stop:</b> blocks the transaction until a matching Pricing Rule Container Price is explicitly created.</li></ul>",عند عدم تطابق أي سعر حاوية لقاعدة التسعير مع الإعداد المطلوب:<ul><li><b>الرجوع الافتراضي لنوع الخدمة:</b> يستخدم سعر الحاوية الافتراضي (is_default) لهذا النوع من الخدمة دون إشعار.</li><li><b>استخدام السعر الأساسي المطابق:</b> يبحث عن تطابق دقيق للتكوين في طبقة سعر الحاوية الأساسية.</li><li><b>تحذير:</b> يحاول إيجاد تطابق دقيق أولاً، ثم يرجع إلى الافتراضي لنوع الخدمة إذا لم يُعثر عليه، ويُشعر المستخدم في كلتا الحالتين.</li><li><b>إيقاف:</b> يمنع المعاملة حتى يتم إنشاء سعر حاوية لقاعدة التسعير مطابق بشكل صريح.</li></ul>
Set Priority,تعيين الأولوية,
"Enable this to resolve pricing rules conflict.",تمكين هذا لحل تعارض قواعد التسعير.,
"Higher the number, lower the priority.",كلما زاد الرقم، انخفضت الأولوية.,
Pages,الصفحات,
"Add {0}",إضافة {0},
"Edit {0}",تحرير {0},
Created On,تم الإنشاء في,
Created By,تم الإنشاء بواسطة,
List View,عرض القائمة,
Report View,عرض التقرير,
Dashboard View,عرض لوحة التحكم,
Kanban View,عرض كانبان,
Calendar View,عرض التقويم,
Saved Filters,الفلاتر المحفوظة,
Save Current Filter,حفظ الفلتر الحالي,
Desktop,سطح المكتب,
Website,الموقع الإلكتروني,
Edit Sidebar,تحرير الشريط الجانبي,
No configurations found,لم يتم العثور على إعدادات,
"Adjust the filters above and click Refresh.",قم بضبط الفلاتر أعلاه وانقر على تحديث,
Workspaces,مساحات العمل,
Workspace,مساحة العمل,
Mode of Service,نمط الخدمة,
Account Head,الحساب الرئيسي,
Totals,الإجماليات,
Exchange Rate,سعر الصرف,
Province,المنطقة,
City,المدينة,
Municipality,البلدية,
District,الحي,
"Building No.",رقم المبنى,
Street,الشارع,
"Secondary No.",الرقم الفرعي,
Reference,المرجع,
Address Line 1,سطر العنوان 1,
Address Line 2,سطر العنوان 2,
Country,البلد,
Comments,التعليقات,
"Type a reply / comment",اكتب ردًا / تعليقًا,
"Last Edited By {0}",آخر تعديل بواسطة {0},
Attachments,المرفقات,
VAT Registration Number,الرقم الضريبي,
700 Number,رقم 700,
Number 700,رقم 700,
Iqama,الإقامة,
Tax Identification Number,رقم التعريفي الضريبي,
National ID,الهوية الوطنية,
Value,القيمة,
"<ul><li>Duration-Based: Depends on contract expiry.</li><li>Milestone-Based: Depends on milestone completion.</li></ul>",<ul><li>بناءً على المدة: يعتمد على انتهاء العقد.</li><li>بناءً على الإنجاز: يعتمد على إكمال الإنجاز.</li></ul>,
Waste Type Percentage,نسبة نوع النفايات,
Allocate One Container For Each Waste Type,تخصيص حاوية واحدة لكل نوع نفايات,
Apply Duration,تطبيق المدة,
"If enabled, the Facility will be required to specify geographic region. Select an Address Division below to filter the territory.",إذا تم تمكينه، سيُطلب من المنشأة تحديد المنطقة الجغرافية. حدد قسم العنوان أدناه لفلترة الإقليم.,
Territory,المنطقة,
Credentials Required,مستندات اعتماد مطلوبة,
"At least one credential is required for this Facility.",مطلوب اعتماد واحد على الأقل لهذه المنشأة.,
{0} active contracts,{0} عقود نشطة,
{0}% converted,{0}% تم تحويلهم,
{0} facilities geolocated,{0} منشأة محددة الموقع,
{0} from leads,{0} من العملاء المحتملين,
{0}% won,{0}% مكتسبة,
All,الكل,
All Time,كل الفترات,
Amount due,المبلغ المستحق,
By contracted revenue,حسب الإيرادات المتعاقد عليها,
Collected,المحصّل,
Contracted,متعاقد عليه,
Contracted Revenue,الإيرادات المتعاقد عليها,
"Contracted vs pipeline, by month",المتعاقد عليه مقابل المتوقع، شهريًا,
contracts,عقود,
Contracts,العقود,
Contract Status,حالة العقد,
Facilities,المنشآت,
Facilities by Country,المنشآت حسب الدولة,
Facilities by Territory,المنشآت حسب المنطقة,
Facility Locations,مواقع المنشآت,
Failed to load the dashboard.,تعذّر تحميل لوحة المعلومات.,
From,من,
Last 12 Months,آخر 12 شهرًا,
Lead Status,حالة العميل المحتمل,
Lifecycle conversion,تحويل دورة الحياة,
No contracts in this period.,لا توجد عقود في هذه الفترة.,
No country data,لا توجد بيانات دول,
No data,لا توجد بيانات,
No geolocated facilities in this period.,لا توجد منشآت محددة الموقع في هذه الفترة.,
No records in this period.,لا توجد سجلات في هذه الفترة.,
No revenue in this period.,لا توجد إيرادات في هذه الفترة.,
No territory data,لا توجد بيانات مناطق,
Of contracted revenue,من الإيرادات المتعاقد عليها,
Open & accepted quotations,عروض مفتوحة ومقبولة,
Payment Status,حالة الدفع,
Pipeline,المتوقع,
Pipeline Value,قيمة المبيعات المتوقعة,
Quotation Status,حالة عرض السعر,
Request Status,حالة الطلب,
Revenue Trend,اتجاه الإيرادات,
Service Dashboard,لوحة معلومات الخدمات,
Service Requests,طلبات الخدمة,
This Month,هذا الشهر,
This Quarter,هذا الربع,
This Year,هذا العام,
To,إلى,
Top Customers,أبرز العملاء,
Top Service Types,أبرز أنواع الخدمات,
Clarified,تم التوضيح,
Cleared,تم التخليص,
Quotation,عرض سعر,
Rejected,مرفوض,
Appealed,تم الاعتراض,
Cancelled,ملغى,
Accepted,مقبول,
Sales Order,أمر بيع,
Expired,منتهي الصلاحية,
Unsigned,غير موقّع,
Active,نشط,
Inactive,غير نشط,
On Hold,معلّق,
Completed,مكتمل,
Terminated,تم الإنهاء,
Unpaid,غير مدفوع,
Partially Paid,مدفوع جزئيًا,
Fully Paid,مدفوع بالكامل,
Lead,عميل محتمل,
Replied,تم الرد,
Opportunity,فرصة,
Lost Quotation,عرض سعر خاسر,
Interested,مهتم,
Converted,تم التحويل,
Do Not Contact,عدم التواصل,
Customers by Group,العملاء حسب المجموعة,
Customers by Type,العملاء حسب النوع,
"Is Milestone-Based Service",هل الخدمة قائمة على الإنجاز,
"Enable if the service relies strictly on milestone completion. Leave unchecked if it depends on a standard expiry timeline.",فعّل هذا الخيار إذا كانت الخدمة تعتمد بشكل كامل على إنجاز مراحل محددة. اتركه غير مُفعّل إذا كانت الخدمة تعتمد على مدة انتهاء صلاحية.,
"Optionally, choose a rating from 1 to 5 stars",اختر تقييمًا من 1 إلى 5 نجوم بشكل اختياري,
Configuration,إعدادات,
Clear rating,مسح التقييم,
Duplicate Rating,تقييم مكرر,
Each rating can appear only once in the Ratings table.,لا يمكن تكرار التقييم؛ يجب أن يظهر كل تقييم مرة واحدة فقط في جدول التقييمات.,
Failed to load the facility unit of measure,تعذّر تحميل وحدة قياس المنشأة,
Failed to resolve the regional service configuration,تعذّر تحديد إعداد الخدمة الإقليمي,
Failed to load the unit of measure details,تعذّر تحميل تفاصيل وحدة القياس,
Failed to load the unit of measure hierarchy,تعذّر تحميل التسلسل الهرمي لوحدة القياس,
Choose Division Category,اختر تصنيف التقسيم,
Search for Division,ابحث عن التقسيم,
"Is Milestone-Based Contract",هل العقد قائم على الإنجاز,
Search here,ابحث هنا,
Follow us on,تابعنا على,
Support & Help,الدعم والمساعدة,
Call Us,اتصل بنا,
An initiative aligned with,مبادرة تتوافق مع,
"A smart digital platform for individual and commercial waste management — connecting municipalities, contractors and waste producers in one integrated system.","منصة رقمية ذكية لإدارة النفايات الفردية والتجارية — تربط البلدية والمقاولين ومنتجي النفايات في منظومة إلكترونية متكاملة.",
Enter your credentials to access the platform,أدخل بيانات حسابك للوصول إلى المنصة,
Email or Username,البريد الإلكتروني أو اسم المستخدم,
"admin or you@example.com","admin أو you@example.com",
Remember me,تذكرني,
Forgot password?,نسيت كلمة المرور؟,
or,أو,
Create an account,إنشاء حساب جديد,
Please enter your email/username and password,يرجى إدخال البريد الإلكتروني وكلمة المرور,
Invalid credentials; please try again,بيانات الدخول غير صحيحة، يرجى المحاولة مرة أخرى,
A smart digital system for individual and commercial waste management,نظام رقمي ذكي لإدارة النفايات الفردية والتجارية,
Join,انضم إلى,
Register your company and start managing waste efficiently,سجّل شركتك وابدأ بإدارة النفايات بكفاءة,
Accurate waste movement tracking,تتبع حركة النفايات بدقة,
Integrated facilities and services management,إدارة متكاملة للمنشآت والخدمات,
Full compliance with municipal regulations,امتثال كامل للأنظمة البلدية,
User Data,بيانات المستخدم,
Facility Data,بيانات المنشأة,
Enter your personal details to get started,أدخل بياناتك الشخصية للبدء,
Enter your full name,أدخل اسمك الكامل,
Email Address,البريد الإلكتروني,
By registering I agree to the,بالتسجيل، أوافق على,
"Next — Facility Data","التالي — بيانات المنشأة",
Your browser does not support text-to-speech.,المتصفح لا يدعم تحويل النص إلى كلام,
An error occurred while saving the page.,حدث خطأ أثناء حفظ الصفحة,
"Naqel Platform. All rights reserved.","منصة حاوية. جميع الحقوق محفوظة.",
Search here,ابحث هنا,
Add band,إضافة نطاق,
Add Rating,إضافة تقييم,
Add UOM,إضافة وحدة قياس,
Allocate one container for each waste type,تخصيص حاوية واحدة لكل نوع نفايات,
Capacity in,السعة بـ,
Close,إغلاق,
Configuration saved,تم حفظ الإعداد,
Conversion Factor,معامل التحويل,
Derived statistics,إحصائيات مُشتقّة,
"Drag a bar ↕ to set count, its ◇ base to set the threshold; the dashed line is the current measurement.",اسحب العمود ↕ لضبط العدد، وقاعدته ◇ لضبط الحد؛ والخط المتقطّع يمثّل القياس الحالي.,
Failed to load the configuration,تعذّر تحميل الإعداد,
Loading…,جارٍ التحميل…,
Safety factor multiplies the generated waste (1 = no effect).,معامل الأمان يُضرب في النفايات المُولّدة (1 = لا تأثير).,
Save failed,فشل الحفظ,
Saving…,جارٍ الحفظ…,
Simulation failed,فشلت المحاكاة,
You have read-only access to this configuration.,لديك صلاحية اطّلاع فقط على هذا الإعداد.,
Drag a bar ↕ to add/remove whole containers (snaps to the container volume); drag its ◇ base to set the threshold.,اسحب العمود ↕ لإضافة/إزالة حاويات كاملة (يلتقط حسب حجم الحاوية)؛ واسحب قاعدته ◇ لضبط الحد.,
Bars share one volume scale; each label shows its native container size. Drag ↕ adds/removes whole containers; drag the ◇ base to set the threshold.,تشترك الأعمدة في مقياس حجم واحد؛ ويُظهر كل عنوان حجم الحاوية بوحدته الأصلية. اسحب ↕ لإضافة/إزالة حاويات كاملة؛ واسحب القاعدة ◇ لضبط الحد.,
Set globally in Naqel Settings.,يُضبط عالميًا في إعدادات هاوية.,
Category,فئة,
Default: 100,افتراضي: 100,
Unclassified,غير مُصنّف,
UOM,وحدة القياس,
UOM mismatch,عدم تطابق وحدة القياس,
Settings,الإعدادات,
UOMs,وحدات القياس,
Close,إغلاق,
Cubic Meter,متر مكعب,
Cubic Yard,ياردة مكعبة,
Welcome,هلا,
Requests,الطلبات,
Here is an overview of your account activity,فيما يلي نظرة عامة على نشاط حسابك,
Quick Actions,إجراءات سريعة,
Add Facility,إضافة منشأة,
New Service Request,إضافة طلب خدمة,
View Contracts,عرض العقود,
No records found,لم يتم العثور على سجلات,
Register a new facility or branch,سجّل منشأة جديدة أو فرعًا,
Submit a new waste management request,قدّم طلبًا جديدًا لإدارة النفايات,
Review your active service contracts,راجع عقود الخدمات النشطة الخاصة بك,
My Profile,ملفي الشخصي,
Basic Information,المعلومات الأساسية,
Profile,الملف الشخصي,
Establishment,الشركة/المؤسسة,
Organization Information,معلومات المؤسسة,
Business Details,تفاصيل العمل,
Annual Revenue,الإيرادات السنوية,
"State / Province",الولاية / المنطقة,
"Manage your organization or company information.","قم بإدارة معلومات مؤسستك أو شركتك.",
"My Establishment",مؤسستي,
"Manage your personal information and contact details.",قم بإدارة معلوماتك الشخصية وتفاصيل الاتصال الخاصة بك,
Male,ذكر,
Female,أنثى,
"Primary (Login)",(تسجيل الدخول) الأساسي,
Primary Mobile,الجوال الأساسي,
Primary Phone,الهاتف الأساسي,
Phone Numbers,أرقام الهواتف,
"Add Email",إضافة بريد إلكتروني,
"Add Phone",إضافة هاتف,
Pin Location,تحديد الموقع,
Add Credential,إضافة وثيقة اعتماد,
Connections,الروابط,
Save Changes,حفظ التغييرات,
Saving...,جارِ الحفظ...,
Cancel,إلغاء,
Confirm,تأكيد,
License,رخصة,
Edit Credential,تعديل وثيقة الاعتماد,
Credential Validity,صلاحية وثيقة الاعتماد,
Request From,طلب من,
